mutation,first_pos_year,first_any_year,last_pos_year,last_any_year,avg_prev_first_pos_year,avg_prev_first_any_year,avg_prev_last_pos_year,avg_prev_last_any_year
k13:441:L,2018,1984,2022,2022,6.111782247181235,0,17.85714285714284,2.9761904761904736
k13:446:I,2002,1984,2018,2023,2.32558139534884,0,2.56410256410256,0
k13:449:A,2010,1984,2018,2023,4.61538461538462,0,2.9144274493592404,0
k13:458:Y,Inf,1984,-Inf,2023,NA,0,NA,0
k13:469:F,2013,1984,2023,2023,1.36986301369863,0,1.65094339622642,0.82547169811321
k13:469:Y,2015,1984,2023,2023,0.261780104712042,0,12.5,6.25
k13:476:I,2011,1984,2016,2023,0.454545454545455,0,1.02040816326531,0
k13:481:V,Inf,1984,-Inf,2023,NA,0,NA,0
k13:493:H,2018,1984,2018,2023,1.38888888888889,0,1.38888888888889,0
k13:515:K,2012,1984,2012,2023,0.335570469798658,0,0.335570469798658,0
k13:527:H,2014,1984,2014,2023,0.78125,0,0.78125,0
k13:537:D,Inf,1984,-Inf,2023,NA,0,NA,0
k13:537:I,Inf,1984,-Inf,2023,NA,0,NA,0
k13:538:V,2016,1984,2016,2023,0.27027027027027,0,0.27027027027027,0
k13:539:T,2014,1984,2020,2023,4.34782608695652,0,1.06382978723404,0
k13:543:T,Inf,1984,-Inf,2023,NA,0,NA,0
k13:553:L,2002,1984,2018,2023,2,0,0.344827586206897,0
k13:561:H,2010,1984,2023,2023,1.53846153846154,0,8.9622641509434,4.4811320754717
k13:568:G,1996,1984,2013,2023,5.40540540540541,0,2.08333333333333,0
k13:574:L,2013,1984,2022,2023,5,0,17.2413793103448,0
k13:580:Y,2018,1984,2018,2023,3.480629539951575,0,3.480629539951575,0
k13:622:I,2008,1984,2022,2023,1.36986301369863,0,24.258076824989207,0
k13:675:V,2015,1984,2023,2023,1.51515151515152,0,4.0801886792452855,4.0801886792452855
