"","mutation","first_year","last_year","n_sites","n_countries","sample_size"
"1","k13:446:I","2002-01-01","2018-01-01",2,2,328
"2","k13:553:L","2002-01-01","2018-01-01",4,3,980
"3","k13:622:I","2007-01-01","2022-01-01",47,7,4007
"4","k13:561:H","2010-01-01","2023-05-01",38,7,7837
"5","k13:476:I","2011-01-01","2015-01-01",3,3,578
"6","k13:574:L","2013-01-01","2022-01-01",6,3,1195
"7","k13:539:T","2014-01-01","2020-01-01",7,2,437
"8","k13:469:Y","2015-01-01","2024-09-09",52,4,5946
"9","k13:675:V","2015-01-01","2024-09-09",71,7,7466
"10","k13:580:Y","2017-11-01","2018-06-01",2,1,143
"11","k13:493:H","2018-06-01","2018-06-01",1,1,72
